ss/val\00eeeebc-08a0-4ad0-92a4-a3d2d8aacc76.png,"['part of a rune', 'paralyse rune', 'paralyse rune', 'part of a rune', 'part of a rune', 'small diamond', 'jagged sword', 'blue backpack', 'fish', 'part of a rune', 'rope', 'spell rune', 'small diamond', 'paralyse rune', 'small diamond', 'morning star', 'part of a rune', 'fish', 'part of a rune', 'fish']"
ss/val\01d6422c-f94c-47e6-a077-9098489b85a4.png,"['small ruby', 'shovel', 'ghost backpack', 'empty', 'part of a rune', 'part of a rune', 'empty potion flask', 'white mushroom', 'mana potion', 'paralyse rune', 'jewelled backpack', 'part of a rune', 'health potion', 'ghost backpack', 'fish', 'paralyse rune', 'paralyse rune', 'empty', 'small diamond', 'beach backpack']"
ss/val\056e0ace-d41e-4039-96bd-4a80666fd54d.png,"['fish', 'paralyse rune', 'blue backpack', 'fish', 'empty potion flask', 'part of a rune', 'jagged sword', 'shovel', 'mana potion', 'part of a rune', 'blue backpack', 'mana potion', 'part of a rune', 'small diamond', 'mana potion', 'fish', 'empty', 'hireling sex change rune', 'empty potion flask', 'energy field rune']"
ss/val\07751931-342d-49ec-b6e7-2bd87c072bf3.png,"['fish', 'beach backpack', 'energy field rune', 'paralyse rune', 'energy field rune', 'empty potion flask', 'part of a rune', 'fish', 'blue backpack', 'part of a rune', 'empty', 'part of a rune', 'intense healing rune', 'silver rune emblem', 'part of a rune', 'rope', 'part of a rune', 'jagged sword', 'steel shield', 'small diamond']"
ss/val\0785dfd2-7b0c-42f3-9141-7d6c6500f2d1.png,"['mana potion', 'small diamond', 'part of a rune', 'empty', 'beach backpack', 'small diamond', 'energy field rune', 'empty', 'machete', 'fish', 'jagged sword', 'shovel', 'energy bomb rune', 'hireling sex change rune', 'part of a rune', 'part of a rune', 'mana potion', 'ghost backpack', 'shovel', 'part of a rune']"
ss/val\08ebe5cf-2f77-415b-9ab4-61ce422e8379.png,"['small diamond', 'jagged sword', 'shovel', 'part of a rune', 'fish', 'part of a rune', 'part of a rune', 'part of a rune', 'empty', 'machete', 'mana potion', 'fish', 'shovel', 'rope', 'pillow backpack', 'energy field rune', 'hireling sex change rune', 'health potion', 'machete', 'health potion']"
ss/val\092da762-b002-46d8-9ff7-3dcf4b76dce8.png,"['meat', 'empty potion flask', 'energy field rune', 'ghost backpack', 'empty', 'jagged sword', 'mana potion', 'small diamond', 'shovel', 'ghost backpack', 'part of a rune', 'part of a rune', 'spell rune', 'part of a rune', 'blue backpack', 'part of a rune', 'empty', 'hireling sex change rune', 'part of a rune', 'energy field rune']"
ss/val\0960d7a1-ec3d-4930-80cf-a8dd74f85156.png,"['energy field rune', 'blue backpack', 'mana potion', 'meat', 'part of a rune', 'white mushroom', 'empty', 'paralyse rune', 'empty', 'explosion rune', 'small diamond', 'shovel', 'energy field rune', 'part of a rune', 'fish', 'part of a rune', 'beach backpack', 'machete', 'energy field rune', 'empty potion flask']"
ss/val\09d28f2e-7735-4b1e-8612-f2007095b772.png,"['rope', 'small diamond', 'jagged sword', 'empty', 'part of a rune', 'shovel', 'mana potion', 'gold coin', 'machete', 'part of a rune', 'empty', 'fish', 'morning star', 'part of a rune', 'paralyse rune', 'ghost backpack', 'gold coin', 'part of a rune', 'part of a rune', 'fish']"
ss/val\0b59a0e7-ad51-41f5-86b3-410e81125cc6.png,"['blue backpack', 'jagged sword', 'morning star', 'part of a rune', 'paralyse rune', 'empty', 'empty', 'part of a rune', 'blue backpack', 'shovel', 'energy field rune', 'part of a rune', 'small ruby', 'fish', 'fish', 'spell rune', 'steel shield', 'energy field rune', 'white mushroom', 'blue backpack']"
ss/val\0d4dc056-3457-4406-ad60-751148c489e2.png,"['fish', 'paralyse rune', 'part of a rune', 'empty', 'part of a rune', 'ultimate healing rune', 'ghost backpack', 'small diamond', 'beach backpack', 'fish', 'ghost backpack', 'fish', 'mana potion', 'part of a rune', 'empty', 'fire bomb rune', 'energy field rune', 'ghost backpack', 'paralyse rune', 'shovel']"
ss/val\0dfba980-b579-4114-92f9-80844be7e7fc.png,"['ghost backpack', 'part of a rune', 'silver rune emblem', 'blue backpack', 'fish', 'rope', 'energy bomb rune', 'shovel', 'spell rune', 'steel shield', 'shovel', 'small diamond', 'part of a rune', 'empty', 'mana potion', 'empty', 'pillow backpack', 'mana potion', 'spell rune', 'rope']"
ss/val\0e269b9e-837e-4fad-b5c0-af58d107ceca.png,"['meat', 'empty', 'mana potion', 'morning star', 'paralyse rune', 'energy field rune', 'blue backpack', 'spell rune', 'jagged sword', 'morning star', 'runed sword', 'white mushroom', 'empty', 'steel shield', 'paralyse rune', 'empty', 'machete', 'energy field rune', 'fish', 'energy wall rune']"
ss/val\0ed49a46-7383-4401-8647-8f2be01705a9.png,"['energy field rune', 'fish', 'paralyse rune', 'energy field rune', 'mana potion', 'blue backpack', 'mana potion', 'steel shield', 'mana potion', 'empty', 'part of a rune', 'empty', 'part of a rune', 'mana potion', 'part of a rune', 'energy field rune', 'mana potion', 'ghost backpack', 'blue backpack', 'blue backpack']"
ss/val\0f10a0f8-1a0c-46a5-9f24-384f1dc18f6b.png,"['blue backpack', 'pillow backpack', 'mana potion', 'paralyse rune', 'empty', 'part of a rune', 'small ruby', 'paralyse rune', 'empty potion flask', 'spell rune', 'part of a rune', 'part of a rune', 'health potion', 'empty', 'shovel', 'cure poison rune', 'small ruby', 'part of a rune', 'mana potion', 'empty potion flask']"
ss/val\0fee344c-db5a-45d6-aa1b-250e75ce0ea1.png,"['energy field rune', 'spell rune', 'part of a rune', 'health potion', 'small diamond', 'silver rune emblem', 'empty potion flask', 'meat', 'mana potion', 'shovel', 'part of a rune', 'marsh stalker feather', 'rope', 'empty potion flask', 'small diamond', 'mana potion', 'empty', 'energy field rune', 'part of a rune', 'shovel']"
ss/val\10792282-108c-49a0-8004-98336c06435b.png,"['part of a rune', 'meat', 'empty', 'part of a rune', 'blue backpack', 'empty', 'part of a rune', 'steel shield', 'mana potion', 'empty', 'mana potion', 'small diamond', 'part of a rune', 'shovel', 'beach backpack', 'small diamond', 'part of a rune', 'fish', 'morning star', 'part of a rune']"
ss/val\135d6397-1ddf-4eb8-8710-92c6fb15f49b.png,"['silver rune emblem', 'fish', 'empty', 'pillow backpack', 'blue backpack', 'part of a rune', 'empty', 'mana potion', 'small diamond', 'part of a rune', 'part of a rune', 'steel shield', 'ghost backpack', 'fish', 'energy field rune', 'mana potion', 'pillow backpack', 'machete', 'blue backpack', 'energy field rune']"
ss/val\149b8088-93bf-484e-814d-4e9bd5eece7f.png,"['rope', 'jagged sword', 'shovel', 'mana potion', 'part of a rune', 'rope', 'small diamond', 'empty potion flask', 'part of a rune', 'rope', 'shovel', 'part of a rune', 'part of a rune', 'mana potion', 'energy field rune', 'part of a rune', 'fish', 'rope', 'part of a rune', 'part of a rune']"
ss/val\151eba1c-317f-4324-89bb-c032eb38e361.png,"['small diamond', 'meat', 'part of a rune', 'blue backpack', 'empty', 'empty', 'shovel', 'fish', 'empty', 'morning star', 'rope', 'part of a rune', 'energy field rune', 'fish', 'empty', 'part of a rune', 'part of a rune', 'spell rune', 'part of a rune', 'paralyse rune']"
ss/val\154a41a7-e2b9-4088-b3aa-642f480b89e3.png,"['energy field rune', 'fish', 'small diamond', 'paralyse rune', 'empty', 'empty', 'shovel', 'part of a rune', 'part of a rune', 'part of a rune', 'small diamond', 'small diamond', 'small diamond', 'shovel', 'part of a rune', 'part of a rune', 'part of a rune', 'part of a rune', 'small diamond', 'fish']"
ss/val\17e3c0ed-f503-44bb-aff6-e7e53b4a4af5.png,"['shovel', 'empty', 'empty', 'empty', 'energy field rune', 'mana potion', 'blue backpack', 'mana potion', 'part of a rune', 'part of a rune', 'rope', 'empty', 'mana potion', 'empty', 'blue backpack', 'part of a rune', 'runed sword', 'ghost backpack', 'empty', 'fish']"
ss/val\19be7c1e-eb8d-4ec7-a0ee-ff3530d5a113.png,"['part of a rune', 'empty', 'part of a rune', 'part of a rune', 'part of a rune', 'inert astral shaper rune', 'shovel', 'silver rune emblem', 'health potion', 'part of a rune', 'part of a rune', 'small diamond', 'silver rune emblem', 'fish', 'mana potion', 'part of a rune', 'energy bomb rune', 'steel shield', 'part of a rune', 'energy field rune']"
ss/val\1bb9eec0-7bbf-4d25-b696-22c3e305e674.png,"['shovel', 'part of a rune', 'small ruby', 'mana potion', 'mana potion', 'small diamond', 'spell rune', 'shovel', 'shovel', 'part of a rune', 'part of a rune', 'part of a rune', 'jagged sword', 'part of a rune', 'small diamond', 'part of a rune', 'paralyse rune', 'part of a rune', 'part of a rune', 'empty']"
ss/val\1c9a1480-05dc-4ccd-839b-80e08059ab05.png,"['part of a rune', 'small diamond', 'fish', 'hireling sex change rune', 'blue backpack', 'paralyse rune', 'fish', 'part of a rune', 'shovel', 'small diamond', 'shovel', 'fish', 'silver rune emblem', 'machete', 'empty', 'fish', 'empty', 'blue backpack', 'part of a rune', 'part of a rune']"
ss/val\1ec41189-c88b-4ab7-baaf-26c37447e577.png,"['paralyse rune', 'fish', 'blue backpack', 'empty', 'runed sword', 'empty', 'empty potion flask', 'shovel', 'war backpack', 'beach backpack', 'empty', 'shovel', 'mana potion', 'small diamond', 'part of a rune', 'health potion', 'paralyse rune', 'shovel', 'fish', 'part of a rune']"
ss/val\1f06b7d1-8aa8-45ce-82a2-256f1824eee2.png,"['jagged sword', 'empty', 'jagged sword', 'blue backpack', 'mana potion', 'rope', 'meat', 'energy field rune', 'empty', 'small ruby', 'shovel', 'fish', 'blue backpack', 'meat', 'part of a rune', 'blue backpack', 'blue backpack', 'small ruby', 'jagged sword', 'beach backpack']"
ss/val\1f3a310c-e7f0-4749-a079-ec7d12db6142.png,"['part of a rune', 'empty', 'paralyse rune', 'empty', 'part of a rune', 'energy field rune', 'part of a rune', 'ghost backpack', 'part of a rune', 'machete', 'energy field rune', 'runed sword', 'jagged sword', 'rope', 'energy field rune', 'jagged sword', 'small diamond', 'part of a rune', 'rope', 'part of a rune']"
ss/val\223eb8bb-20ba-447b-9e34-a9382434fe93.png,"['silver rune emblem', 'shovel', 'paralyse rune', 'rope', 'explosion rune', 'energy bomb rune', 'mana potion', 'part of a rune', 'part of a rune', 'shovel', 'spell rune', 'small ruby', 'empty', 'paralyse rune', 'fish', 'energy wall rune', 'part of a rune', 'blue backpack', 'fish', 'mana potion']"
ss/val\22d861b1-773d-4723-8111-c575c0ef1931.png,"['grey backpack', 'small diamond', 'ghost backpack', 'small ruby', 'blue backpack', 'part of a rune', 'energy field rune', 'ghost backpack', 'ghost backpack', 'shovel', 'part of a rune', 'ogre rune stone', 'empty', 'shovel', 'empty', 'runed sword', 'part of a rune', 'jagged sword', 'empty', 'part of a rune']"
ss/val\24170423-19ac-4568-b0be-a8e540ca0510.png,"['energy field rune', 'part of a rune', 'shovel', 'mana potion', 'empty', 'part of a rune', 'machete', 'jagged sword', 'part of a rune', 'spell rune', 'runed sword', 'part of a rune', 'fish', 'shovel', 'blue backpack', 'part of a rune', 'spell rune', 'part of a rune', 'part of a rune', 'part of a rune']"
ss/val\2506c694-6321-49f7-b653-bca438995b53.png,"['paralyse rune', 'fish', 'fish', 'part of a rune', 'small ruby', 'part of a rune', 'part of a rune', 'part of a rune', 'meat', 'blue backpack', 'machete', 'meat', 'ghost backpack', 'jagged sword', 'paralyse rune', 'meat', 'paralyse rune', 'shovel', 'part of a rune', 'health potion']"
ss/val\26058c80-ab02-435a-a0c3-16b078d68643.png,"['spell rune', 'blue backpack', 'health potion', 'small diamond', 'part of a rune', 'part of a rune', 'mana potion', 'paralyse rune', 'ancient rune', 'runed sword', 'shovel', 'energy field rune', 'jagged sword', 'rope', 'empty', 'shovel', 'health potion', 'part of a rune', 'jagged sword', 'mana potion']"
ss/val\269ecdb9-62de-45e6-ba17-92f5b0c00afe.png,"['energy field rune', 'paralyse rune', 'fish', 'blue backpack', 'meat', 'fish', 'fish', 'mana potion', 'part of a rune', 'health potion', 'mana potion', 'machete', 'jagged sword', 'empty', 'gold coin', 'fish', 'empty', 'war backpack', 'spell rune', 'fish']"
ss/val\2711d461-b8d1-4ef8-a161-99bcc3e4f542.png,"['gold coin', 'part of a rune', 'tiny healing rune', 'small diamond', 'empty potion flask', 'part of a rune', 'fish', 'part of a rune', 'jagged sword', 'spell rune', 'part of a rune', 'empty', 'shovel', 'shovel', 'part of a rune', 'health potion', 'mana potion', 'mana potion', 'spell rune', 'empty']"
ss/val\282227d9-8880-42fa-bc03-11fead8737fd.png,"['empty', 'ghost backpack', 'empty', 'empty', 'blue backpack', 'purple backpack', 'empty', 'cure poison rune', 'health potion', 'part of a rune', 'mana potion', 'energy field rune', 'ghost backpack', 'steel shield', 'paralyse rune', 'paralyse rune', 'empty', 'cure poison rune', 'runed sword', 'part of a rune']"
ss/val\28a414ca-c0ae-43fd-8627-b0c46087f20f.png,"['fish', 'part of a rune', 'mana potion', 'small diamond', 'empty', 'part of a rune', 'empty', 'mana potion', 'fish', 'small diamond', 'energy field rune', 'mana potion', 'fish', 'paralyse rune', 'ghost backpack', 'blue backpack', 'shovel', 'jagged sword', 'small ruby', 'spell rune']"
ss/val\292921bf-56f2-4ffb-82f0-58e384824c21.png,"['ghost backpack', 'part of a rune', 'part of a rune', 'empty', 'part of a rune', 'ghost backpack', 'small diamond', 'part of a rune', 'mana potion', 'part of a rune', 'silver rune emblem', 'fish', 'meat', 'part of a rune', 'pillow backpack', 'shovel', 'war backpack', 'small ruby', 'part of a rune', 'silver rune emblem']"
ss/val\2a90eca1-cead-44e1-9b82-3ec5735c50b7.png,"['small diamond', 'ghost backpack', 'health potion', 'runed sword', 'energy field rune', 'part of a rune', 'part of a rune', 'part of a rune', 'part of a rune', 'part of a rune', 'part of a rune', 'ghost backpack', 'mana potion', 'energy field rune', 'empty potion flask', 'paralyse rune', 'beach backpack', 'empty', 'paralyse rune', 'part of a rune']"
ss/val\2bf4ddf1-b30e-4705-8d87-75fda41adaf6.png,"['fish', 'health potion', 'silver rune emblem', 'energy wall rune', 'morning star', 'blue backpack', 'small diamond', 'morning star', 'fish', 'energy bomb rune', 'small diamond', 'part of a rune', 'part of a rune', 'part of a rune', 'fish', 'mana potion', 'part of a rune', 'part of a rune', 'mana potion', 'mana potion']"
ss/val\2cfcaf80-b5c0-41ed-9ebb-c5d83d1e141f.png,"['empty potion flask', 'part of a rune', 'empty', 'shovel', 'blue backpack', 'empty', 'meat', 'part of a rune', 'part of a rune', 'empty potion flask', 'ghost backpack', 'empty potion flask', 'energy field rune', 'fish', 'empty', 'part of a rune', 'small diamond', 'energy field rune', 'fish', 'mana potion']"
ss/val\30513ca2-6baa-45a1-971f-9db8f0fa98fc.png,"['gold coin', 'energy field rune', 'rope', 'rope', 'ghost backpack', 'part of a rune', 'beach backpack', 'small diamond', 'machete', 'empty', 'ghost backpack', 'part of a rune', 'blue backpack', 'shovel', 'energy field rune', 'part of a rune', 'small diamond', 'small diamond', 'fish', 'part of a rune']"
ss/val\3075a1b3-df8d-433d-bbb3-1e2b4f68216e.png,"['part of a rune', 'meat', 'small ruby', 'small ruby', 'blue backpack', 'part of a rune', 'fish', 'gold coin', 'ghost backpack', 'empty', 'small diamond', 'fish', 'paralyse rune', 'part of a rune', 'part of a rune', 'empty', 'jagged sword', 'energy field rune', 'mana potion', 'paralyse rune']"
ss/val\30aa4dc0-c8fc-4ec0-a124-3bde6cae4066.png,"['small diamond', 'shovel', 'part of a rune', 'part of a rune', 'part of a rune', 'meat', 'meat', 'ghost backpack', 'jagged sword', 'silver rune emblem', 'paralyse rune', 'spell rune', 'fish', 'mana potion', 'small ruby', 'health potion', 'beach backpack', 'mana potion', 'part of a rune', 'white mushroom']"
ss/val\317df664-a922-426e-b41d-67e44f64a6e2.png,"['mana potion', 'blue backpack', 'mana potion', 'mana potion', 'part of a rune', 'shovel', 'ghost backpack', 'part of a rune', 'shovel', 'fish', 'energy bomb rune', 'small diamond', 'mana potion', 'energy field rune', 'fish', 'part of a rune', 'empty', 'part of a rune', 'fish', 'blue backpack']"
ss/val\31edc855-ecc2-4896-b57c-ea421020d99f.png,"['empty', 'energy field rune', 'shovel', 'fish', 'paralyse rune', 'small diamond', 'steel shield', 'empty', 'part of a rune', 'war backpack', 'energy bomb rune', 'fish', 'shovel', 'mana potion', 'small diamond', 'part of a rune', 'energy field rune', 'part of a rune', 'energy field rune', 'part of a rune']"
ss/val\3287edb8-fcb5-4e7e-a19f-9f8f7f691a31.png,"['part of a rune', 'blue backpack', 'blue backpack', 'paralyse rune', 'energy field rune', 'empty', 'energy field rune', 'runed sword', 'part of a rune', 'morning star', 'part of a rune', 'war backpack', 'rope', 'steel shield', 'ghost backpack', 'spell rune', 'part of a rune', 'empty', 'beach backpack', 'blue backpack']"
ss/val\33018987-30c1-4e2e-9a62-8b77ca0e3407.png,"['shovel', 'part of a rune', 'jagged sword', 'rope', 'blue backpack', 'mana potion', 'runed sword', 'part of a rune', 'machete', 'spell rune', 'mana potion', 'small diamond', 'blue backpack', 'small ruby', 'shovel', 'spell rune', 'pillow backpack', 'fish', 'energy field rune', 'paralyse rune']"
ss/val\352d1d52-b611-48f4-96e6-e729336bcf44.png,"['gold coin', 'fish', 'mana potion', 'mana potion', 'small diamond', 'fish', 'part of a rune', 'ghost backpack', 'marsh stalker beak', 'fish', 'fish', 'part of a rune', 'jagged sword', 'mana potion', 'part of a rune', 'empty', 'empty', 'shovel', 'small diamond', 'health potion']"
ss/val\355870d4-8c75-4aae-97ee-12a6a1615c6b.png,"['shovel', 'marsh stalker feather', 'empty', 'paralyse rune', 'small diamond', 'empty', 'mana potion', 'mana potion', 'jewelled backpack', 'mana potion', 'shovel', 'part of a rune', 'part of a rune', 'empty potion flask', 'blue backpack', 'empty', 'shovel', 'mana potion', 'empty', 'beach backpack']"
ss/val\35850df5-c67a-4817-9675-764f6f0e731a.png,"['shovel', 'paralyse rune', 'cure poison rune', 'paralyse rune', 'part of a rune', 'mana potion', 'steel shield', 'energy field rune', 'empty', 'ghost backpack', 'steel shield', 'energy field rune', 'part of a rune', 'jagged sword', 'rope', 'runed sword', 'fish', 'part of a rune', 'part of a rune', 'fish']"
ss/val\38e71acd-4912-406b-889f-ae594ee50994.png,"['morning star', 'fish', 'part of a rune', 'energy field rune', 'part of a rune', 'empty potion flask', 'spell rune', 'gold coin', 'meat', 'fish', 'runed sword', 'pillow backpack', 'spell rune', 'energy field rune', 'empty', 'part of a rune', 'empty potion flask', 'intense healing rune', 'empty', 'fish']"
ss/val\3a72402e-0dbb-4af4-ada9-2bfd7a26d6d2.png,"['mana potion', 'small ruby', 'silver rune emblem', 'fish', 'mana potion', 'blue backpack', 'part of a rune', 'runed sword', 'health potion', 'part of a rune', 'jagged sword', 'machete', 'part of a rune', 'part of a rune', 'mana potion', 'small diamond', 'part of a rune', 'rope', 'spell rune', 'jewelled backpack']"
ss/val\3ababe8b-fb42-40c0-8af4-27b2c6d60d91.png,"['empty', 'silver rune emblem', 'fish', 'shovel', 'shovel', 'fish', 'empty potion flask', 'shovel', 'empty', 'morning star', 'morning star', 'silver rune emblem', 'shovel', 'ghost backpack', 'tiny healing rune', 'part of a rune', 'cure poison rune', 'empty', 'part of a rune', 'small diamond']"
ss/val\3b7f1fa6-0cd9-4526-b71e-51c4cae6985e.png,"['paralyse rune', 'spell rune', 'part of a rune', 'part of a rune', 'empty potion flask', 'mana potion', 'shovel', 'part of a rune', 'machete', 'mana potion', 'fish', 'part of a rune', 'energy field rune', 'empty', 'small diamond', 'fish', 'morning star', 'mana potion', 'fish', 'empty']"
ss/val\3e29e48e-a4d6-4811-950b-13d6dd07ecfd.png,"['paralyse rune', 'empty', 'pillow backpack', 'ghost backpack', 'fish', 'blue backpack', 'steel shield', 'empty', 'machete', 'paralyse rune', 'mana potion', 'meat', 'steel shield', 'silver rune emblem', 'marsh stalker beak', 'shovel', 'silver rune emblem', 'part of a rune', 'fish', 'part of a rune']"
ss/val\431a30ba-2166-4d62-b65c-01781aa70bd9.png,"['part of a rune', 'part of a rune', 'empty', 'part of a rune', 'energy bomb rune', 'shovel', 'empty', 'part of a rune', 'part of a rune', 'shovel', 'small diamond', 'rope', 'paralyse rune', 'part of a rune', 'health potion', 'fish', 'silver rune emblem', 'steel shield', 'empty potion flask', 'empty']"
ss/val\4610cb9b-7c7d-4ba7-8f13-f05e3ac537bb.png,"['part of a rune', 'shovel', 'jagged sword', 'meat', 'ghost backpack', 'energy field rune', 'steel shield', 'part of a rune', 'paralyse rune', 'silver rune emblem', 'blue backpack', 'silver rune emblem', 'marsh stalker beak', 'fish', 'rope', 'empty potion flask', 'jagged sword', 'fish', 'morning star', 'small diamond']"
ss/val\48051706-ffe6-49b4-a48b-d457bb0b4f4a.png,"['part of a rune', 'mana potion', 'empty potion flask', 'part of a rune', 'part of a rune', 'empty potion flask', 'part of a rune', 'meat', 'part of a rune', 'empty', 'morning star', 'part of a rune', 'empty', 'runed sword', 'fish', 'part of a rune', 'energy bomb rune', 'spell rune', 'small diamond', 'rope']"
ss/val\485a2786-449c-4a29-82c9-619377ba7bba.png,"['grey backpack', 'empty', 'jagged sword', 'shovel', 'energy bomb rune', 'energy bomb rune', 'part of a rune', 'part of a rune', 'jagged sword', 'empty', 'shovel', 'fish', 'blue backpack', 'rope', 'paralyse rune', 'blue backpack', 'part of a rune', 'fish', 'pillow backpack', 'paralyse rune']"
ss/val\4a93636b-de67-4a9b-bed7-9825600642bb.png,"['part of a rune', 'small ruby', 'jagged sword', 'part of a rune', 'shovel', 'blue backpack', 'beach backpack', 'part of a rune', 'paralyse rune', 'part of a rune', 'ghost backpack', 'part of a rune', 'part of a rune', 'part of a rune', 'shovel', 'ghost backpack', 'part of a rune', 'small diamond', 'explosion rune', 'part of a rune']"
ss/val\4cb5a837-200e-413b-a28b-47c0f50bb5e9.png,"['fish', 'paralyse rune', 'jagged sword', 'machete', 'paralyse rune', 'part of a rune', 'empty', 'part of a rune', 'spell rune', 'part of a rune', 'machete', 'small ruby', 'runed sword', 'grey backpack', 'spell rune', 'part of a rune', 'small ruby', 'mana potion', 'ghost backpack', 'fish']"
ss/val\53bcb314-0bc7-4994-be8c-a5f807bddfa6.png,"['mana potion', 'rope', 'rope', 'mana potion', 'blue backpack', 'shovel', 'energy field rune', 'empty', 'empty potion flask', 'small diamond', 'shovel', 'empty', 'spell rune', 'jagged sword', 'mana potion', 'small ruby', 'empty potion flask', 'small diamond', 'fish', 'part of a rune']"
ss/val\549c0bce-327e-4a13-a3ef-e402fbbbcf4a.png,"['energy field rune', 'empty potion flask', 'empty', 'part of a rune', 'part of a rune', 'rope', 'part of a rune', 'mana potion', 'part of a rune', 'fish', 'blue backpack', 'part of a rune', 'small diamond', 'fish', 'mana potion', 'small ruby', 'part of a rune', 'part of a rune', 'spell rune', 'machete']"
ss/val\5551628e-541a-47c4-aa0f-b09ee7df7a4d.png,"['fish', 'silver rune emblem', 'empty', 'energy field rune', 'fish', 'mana potion', 'fish', 'fish', 'empty', 'part of a rune', 'shovel', 'jagged sword', 'small diamond', 'mana potion', 'shovel', 'empty', 'empty', 'paralyse rune', 'part of a rune', 'part of a rune']"
ss/val\56d065d6-7075-4663-93dd-027549b65ab8.png,"['small ruby', 'runed sword', 'runed sword', 'white mushroom', 'empty', 'empty', 'ghost backpack', 'part of a rune', 'part of a rune', 'empty', 'energy field rune', 'shovel', 'silver rune emblem', 'part of a rune', 'fish', 'silver rune emblem', 'marsh stalker beak', 'energy wall rune', 'shovel', 'empty']"
ss/val\58d5ec17-35bc-46ed-89f8-366d62c8247c.png,"['fish', 'small diamond', 'mana potion', 'rope', 'part of a rune', 'silver rune emblem', 'energy field rune', 'runed sword', 'empty', 'energy field rune', 'fish', 'shovel', 'empty', 'blue backpack', 'mana potion', 'energy field rune', 'jagged sword', 'mana potion', 'hireling sex change rune', 'empty']"
ss/val\5a3ee415-55c1-448c-bc68-4f68f2fcc66a.png,"['hireling sex change rune', 'fish', 'part of a rune', 'energy bomb rune', 'paralyse rune', 'machete', 'empty', 'part of a rune', 'spell rune', 'empty', 'empty', 'empty', 'fish', 'grey backpack', 'mana potion', 'energy field rune', 'empty', 'shovel', 'blue backpack', 'health potion']"
ss/val\5be34aed-01ae-4410-a4ec-8c2533df80bb.png,"['paralyse rune', 'part of a rune', 'part of a rune', 'rope', 'paralyse rune', 'gold coin', 'paralyse rune', 'shovel', 'part of a rune', 'machete', 'part of a rune', 'energy field rune', 'small diamond', 'part of a rune', 'white mushroom', 'fish', 'energy field rune', 'part of a rune', 'silver rune emblem', 'beach backpack']"
ss/val\5c4c4f59-e71b-4d13-b121-55817912f92c.png,"['empty', 'runed sword', 'empty', 'part of a rune', 'meat', 'part of a rune', 'fish', 'shovel', 'silver rune emblem', 'ultimate healing rune', 'energy field rune', 'fish', 'spell rune', 'jagged sword', 'energy field rune', 'part of a rune', 'blue backpack', 'part of a rune', 'small diamond', 'mana potion']"
ss/val\5f3261d2-25ec-498d-b4d8-c11a5a802d8f.png,"['health potion', 'empty potion flask', 'mana potion', 'spell rune', 'part of a rune', 'small diamond', 'part of a rune', 'paralyse rune', 'paralyse rune', 'health potion', 'small ruby', 'part of a rune', 'small diamond', 'blue backpack', 'machete', 'tiny healing rune', 'shovel', 'part of a rune', 'part of a rune', 'small ruby']"
ss/val\607f84de-cebb-4b75-ae3a-d194b6e2b40b.png,"['mana potion', 'fish', 'blue backpack', 'empty', 'beach backpack', 'part of a rune', 'silver rune emblem', 'shovel', 'white mushroom', 'part of a rune', 'mana potion', 'mana potion', 'hireling sex change rune', 'fish', 'part of a rune', 'beach backpack', 'silver rune emblem', 'fish', 'part of a rune', 'empty']"
ss/val\60e68d7e-c7e7-487c-bb07-93cdddb119cc.png,"['empty', 'part of a rune', 'part of a rune', 'paralyse rune', 'silver rune emblem', 'part of a rune', 'ogre rune stones', 'blue backpack', 'meat', 'part of a rune', 'silver rune emblem', 'shovel', 'shovel', 'jagged sword', 'fish', 'empty', 'energy field rune', 'fish', 'energy field rune', 'energy field rune']"
ss/val\6299960e-1f1b-4019-b4e8-f88e0a15724b.png,"['rope', 'small diamond', 'ghost backpack', 'empty', 'runed sword', 'small diamond', 'beach backpack', 'part of a rune', 'energy field rune', 'small diamond', 'part of a rune', 'small ruby', 'war backpack', 'empty', 'jagged sword', 'health potion', 'fish', 'ghost backpack', 'fish', 'fish']"
ss/val\63ab33d6-382f-496a-bad4-7d94a78d1f9f.png,"['energy field rune', 'blue backpack', 'mana potion', 'paralyse rune', 'blue backpack', 'energy wall rune', 'fish', 'part of a rune', 'pillow backpack', 'spell rune', 'part of a rune', 'energy field rune', 'part of a rune', 'empty', 'brass helmet', 'part of a rune', 'fish', 'blue backpack', 'part of a rune', 'small diamond']"
ss/val\64032975-13ee-4af8-8ce9-f57f29e9cd8f.png,"['rope', 'part of a rune', 'shovel', 'empty', 'jagged sword', 'blue backpack', 'energy field rune', 'blue backpack', 'small ruby', 'rope', 'spell rune', 'mana potion', 'fish', 'meat', 'paralyse rune', 'gold coin', 'fish', 'runed sword', 'spell rune', 'empty']"
ss/val\64204961-e330-41c2-869f-5c927805be4b.png,"['part of a rune', 'fish', 'fish', 'part of a rune', 'mana potion', 'part of a rune', 'spell rune', 'runed sword', 'rope', 'empty', 'beach backpack', 'paralyse rune', 'part of a rune', 'fish', 'part of a rune', 'part of a rune', 'part of a rune', 'small diamond', 'empty', 'energy field rune']"
ss/val\64ba2020-eec9-4290-b462-58c6a3024e60.png,"['shovel', 'spell rune', 'part of a rune', 'empty', 'small diamond', 'silver rune emblem', 'jagged sword', 'part of a rune', 'hireling sex change rune', 'health potion', 'small diamond', 'part of a rune', 'empty', 'part of a rune', 'part of a rune', 'empty', 'mana potion', 'blue backpack', 'empty', 'part of a rune']"
ss/val\64e30e95-e098-4aef-bf5c-afecf1ce2c0c.png,"['part of a rune', 'empty', 'part of a rune', 'spell rune', 'part of a rune', 'blue backpack', 'jagged sword', 'mana potion', 'part of a rune', 'empty', 'shovel', 'empty', 'part of a rune', 'fish', 'part of a rune', 'steel shield', 'fish', 'mana potion', 'empty', 'steel shield']"
ss/val\66694c4b-d329-486d-9a2c-3be37aa9ecf0.png,"['mana potion', 'shovel', 'energy field rune', 'pillow backpack', 'mana potion', 'rope', 'empty', 'part of a rune', 'spell rune', 'paralyse rune', 'paralyse rune', 'small diamond', 'paralyse rune', 'small diamond', 'steel shield', 'shovel', 'mana potion', 'morning star', 'mana potion', 'rope']"
ss/val\6717c116-2c7d-4cfb-8710-4cf863d86147.png,"['fish', 'mana potion', 'gold coin', 'paralyse rune', 'energy field rune', 'small diamond', 'part of a rune', 'energy wall rune', 'jagged sword', 'fish', 'jagged sword', 'energy field rune', 'mana potion', 'energy field rune', 'empty potion flask', 'mana potion', 'small diamond', 'small diamond', 'empty potion flask', 'shovel']"
ss/val\68b62f03-5a63-4329-96a2-860e85c37137.png,"['fish', 'spell rune', 'blue backpack', 'part of a rune', 'pillow backpack', 'energy field rune', 'part of a rune', 'empty', 'empty', 'part of a rune', 'empty', 'empty', 'fish', 'part of a rune', 'health potion', 'small ruby', 'fish', 'mana potion', 'part of a rune', 'fish']"
ss/val\68dfa8d1-3fab-4937-bc4d-f78baff789de.png,"['mana potion', 'part of a rune', 'tiny healing rune', 'small ruby', 'part of a rune', 'jagged sword', 'small diamond', 'part of a rune', 'spell rune', 'empty', 'part of a rune', 'energy field rune', 'fish', 'part of a rune', 'morning star', 'small diamond', 'ghost backpack', 'part of a rune', 'empty potion flask', 'shovel']"
ss/val\6b096134-edcb-456a-ab95-d2e761ac6b3e.png,"['machete', 'ghost backpack', 'small ruby', 'part of a rune', 'mana potion', 'beach backpack', 'mana potion', 'meat', 'fish', 'part of a rune', 'silver rune emblem', 'part of a rune', 'part of a rune', 'meat', 'part of a rune', 'energy wall rune', 'runed sword', 'small diamond', 'empty', 'jagged sword']"
ss/val\6b57d8f4-6201-4ffa-ab6a-064a95ee90ea.png,"['empty', 'silver rune emblem', 'paralyse rune', 'mana potion', 'empty', 'empty', 'gold coin', 'part of a rune', 'beach backpack', 'part of a rune', 'part of a rune', 'part of a rune', 'fish', 'empty', 'rope', 'part of a rune', 'health potion', 'mana potion', 'fish', 'blue backpack']"
ss/val\6fcdd96c-6232-43b2-8455-802e674f6b68.png,"['part of a rune', 'rope', 'mana potion', 'health potion', 'spell rune', 'ghost backpack', 'blue backpack', 'fish', 'energy field rune', 'machete', 'part of a rune', 'mana potion', 'machete', 'mana potion', 'shovel', 'health potion', 'marsh stalker beak', 'ghost backpack', 'part of a rune', 'small diamond']"
ss/val\701b023e-9e8a-4ae7-8c5f-ff071b70ba63.png,"['health potion', 'part of a rune', 'fish', 'paralyse rune', 'mana potion', 'beach backpack', 'empty', 'mana potion', 'jagged sword', 'empty potion flask', 'blue backpack', 'spell rune', 'empty', 'part of a rune', 'empty', 'fish', 'fish', 'runed sword', 'energy field rune', 'part of a rune']"
ss/val\70dda5d1-5d3e-47af-b0ac-82db2fab6187.png,"['beach backpack', 'mana potion', 'shovel', 'empty', 'part of a rune', 'fish', 'steel shield', 'mana potion', 'energy field rune', 'empty', 'empty', 'gold coin', 'mana potion', 'steel shield', 'beach backpack', 'steel shield', 'jagged sword', 'blue backpack', 'part of a rune', 'fish']"
ss/val\70ed2793-5bbc-405c-aa7e-b501151259bd.png,"['fish', 'mana potion', 'silver rune emblem', 'empty potion flask', 'blue backpack', 'shovel', 'part of a rune', 'empty', 'empty', 'spell rune', 'energy bomb rune', 'energy field rune', 'mana potion', 'part of a rune', 'small diamond', 'part of a rune', 'blue backpack', 'blue backpack', 'paralyse rune', 'paralyse rune']"
ss/val\712476c8-c014-451f-aab8-70a31666ff3b.png,"['spell rune', 'health potion', 'morning star', 'empty', 'part of a rune', 'part of a rune', 'paralyse rune', 'part of a rune', 'small diamond', 'part of a rune', 'fish', 'rope', 'part of a rune', 'part of a rune', 'mana potion', 'empty', 'fish', 'energy field rune', 'part of a rune', 'empty']"
ss/val\724898de-6869-4b83-abe6-5175071d3a62.png,"['mana potion', 'fish', 'beach backpack', 'fish', 'blue backpack', 'energy wall rune', 'health potion', 'rope', 'part of a rune', 'meat', 'paralyse rune', 'runed sword', 'empty', 'ghost backpack', 'health potion', 'empty', 'paralyse rune', 'small diamond', 'fish', 'fish']"
ss/val\72fc036f-817d-406a-8eb0-d61b5ff13c72.png,"['jagged sword', 'energy field rune', 'part of a rune', 'empty', 'ghost backpack', 'energy bomb rune', 'small diamond', 'shovel', 'empty', 'silver rune emblem', 'fish', 'paralyse rune', 'empty', 'part of a rune', 'fish', 'small diamond', 'part of a rune', 'rope', 'empty', 'empty']"
ss/val\744e386b-bacb-4376-b2ba-81d569bc13a6.png,"['empty', 'paralyse rune', 'part of a rune', 'rope', 'jagged sword', 'crystal necklace', 'rope', 'steel shield', 'jagged sword', 'part of a rune', 'fish', 'empty potion flask', 'part of a rune', 'part of a rune', 'paralyse rune', 'mana potion', 'part of a rune', 'paralyse rune', 'silver rune emblem', 'spell rune']"
ss/val\7466f912-4081-4bbb-99f9-b642d80b8050.png,"['part of a rune', 'fish', 'part of a rune', 'small diamond', 'part of a rune', 'fish', 'part of a rune', 'part of a rune', 'empty', 'meat', 'empty', 'paralyse rune', 'empty potion flask', 'fish', 'ghost backpack', 'part of a rune', 'spell rune', 'morning star', 'fish', 'rope']"
ss/val\746d8e11-5f69-4c09-a499-8f2920cc0ec7.png,"['mana potion', 'mana potion', 'health potion', 'morning star', 'fish', 'steel shield', 'part of a rune', 'steel shield', 'part of a rune', 'runed sword', 'spell rune', 'part of a rune', 'empty', 'rope', 'small diamond', 'empty', 'blue backpack', 'part of a rune', 'part of a rune', 'mana potion']"
ss/val\76036f14-9f2c-413c-a519-16c2d3314a8e.png,"['part of a rune', 'ghost backpack', 'beach backpack', 'meat', 'paralyse rune', 'part of a rune', 'rope', 'small ruby', 'gold coin', 'blue backpack', 'mana potion', 'paralyse rune', 'shovel', 'energy wall rune', 'empty potion flask', 'paralyse rune', 'part of a rune', 'part of a rune', 'mana potion', 'fish']"
ss/val\771280df-3024-4b71-842e-a832f2411186.png,"['empty', 'paralyse rune', 'part of a rune', 'small diamond', 'part of a rune', 'part of a rune', 'part of a rune', 'energy field rune', 'part of a rune', 'empty', 'shovel', 'energy field rune', 'silver rune emblem', 'energy field rune', 'empty', 'part of a rune', 'health potion', 'mana potion', 'energy field rune', 'empty']"
ss/val\7a1b8ee9-bde1-4024-b8ec-99e9d3da99f8.png,"['empty', 'part of a rune', 'part of a rune', 'shovel', 'energy bomb rune', 'empty', 'part of a rune', 'blue backpack', 'rope', 'empty', 'part of a rune', 'steel shield', 'pillow backpack', 'part of a rune', 'part of a rune', 'part of a rune', 'mana potion', 'shovel', 'small ruby', 'part of a rune']"
ss/val\7a422ff5-dee2-47c2-9bfd-95c3943b33b6.png,"['paralyse rune', 'small diamond', 'empty', 'silver rune emblem', 'part of a rune', 'ghost backpack', 'paralyse rune', 'blue backpack', 'beach backpack', 'empty', 'paralyse rune', 'part of a rune', 'paralyse rune', 'part of a rune', 'health potion', 'jagged sword', 'small diamond', 'part of a rune', 'mana potion', 'mana potion']"
ss/val\7a734e12-f4a8-4e24-b402-3c1ccf4458c0.png,"['mana potion', 'part of a rune', 'steel shield', 'part of a rune', 'beach backpack', 'morning star', 'blue backpack', 'empty', 'fish', 'mana potion', 'mana potion', 'mana potion', 'part of a rune', 'fish', 'steel shield', 'silver rune emblem', 'paralyse rune', 'part of a rune', 'fish', 'health potion']"
ss/val\7d4db65f-d1c6-40ad-a40a-01fc6a9db8ee.png,"['paralyse rune', 'ghost backpack', 'small ruby', 'part of a rune', 'spell rune', 'ghost backpack', 'mana potion', 'energy field rune', 'health potion', 'jagged sword', 'paralyse rune', 'part of a rune', 'health potion', 'part of a rune', 'mana potion', 'small diamond', 'mana potion', 'shovel', 'part of a rune', 'mana potion']"
ss/val\80726ce4-5be3-4f72-8d0b-c4c71829c79f.png,"['part of a rune', 'paralyse rune', 'ghost backpack', 'part of a rune', 'pillow backpack', 'spell rune', 'health potion', 'small ruby', 'rope', 'energy field rune', 'empty potion flask', 'paralyse rune', 'rope', 'morning star', 'shovel', 'jagged sword', 'part of a rune', 'empty', 'meat', 'jagged sword']"
ss/val\81136abe-6aed-41c6-a505-96f32d67b36a.png,"['empty', 'mana potion', 'part of a rune', 'energy field rune', 'pillow backpack', 'mana potion', 'spell rune', 'empty potion flask', 'energy field rune', 'part of a rune', 'mana potion', 'jewelled backpack', 'empty', 'jagged sword', 'empty', 'energy field rune', 'blue backpack', 'brass helmet', 'paralyse rune', 'paralyse rune']"
ss/val\817be2c3-6080-48e8-9d5b-723264e5ae5f.png,"['empty', 'rope', 'silver rune emblem', 'intense healing rune', 'health potion', 'part of a rune', 'fish', 'part of a rune', 'spell rune', 'empty', 'part of a rune', 'empty potion flask', 'small ruby', 'small ruby', 'ghost backpack', 'spell rune', 'empty', 'fish', 'rope', 'empty']"
ss/val\83a76281-14c7-45b8-b00c-deccc7b985b6.png,"['empty', 'part of a rune', 'empty', 'mana potion', 'health potion', 'small diamond', 'mana potion', 'ghost backpack', 'part of a rune', 'fish', 'part of a rune', 'jagged sword', 'shovel', 'part of a rune', 'shovel', 'rope', 'spell rune', 'fish', 'shovel', 'beach backpack']"
ss/val\847564e8-c987-4bfe-b79b-00f157514e99.png,"['small diamond', 'energy field rune', 'silver rune emblem', 'part of a rune', 'part of a rune', 'mana potion', 'shovel', 'empty', 'energy bomb rune', 'blue backpack', 'small diamond', 'paralyse rune', 'empty', 'beach backpack', 'fish', 'blue backpack', 'blue backpack', 'mana potion', 'small diamond', 'part of a rune']"
ss/val\852a744c-4b57-4c5e-9e00-e3e6e3fbdb34.png,"['part of a rune', 'small diamond', 'morning star', 'small diamond', 'morning star', 'empty', 'beach backpack', 'fish', 'part of a rune', 'energy field rune', 'paralyse rune', 'paralyse rune', 'energy field rune', 'paralyse rune', 'health potion', 'paralyse rune', 'machete', 'fish', 'spell rune', 'part of a rune']"
ss/val\852c10c7-cecb-4c10-bf82-3c44ef86d233.png,"['fish', 'blue backpack', 'part of a rune', 'shovel', 'part of a rune', 'silver rune emblem', 'ghost backpack', 'ghost backpack', 'energy bomb rune', 'fish', 'pillow backpack', 'fish', 'energy field rune', 'part of a rune', 'steel shield', 'steel shield', 'part of a rune', 'part of a rune', 'shovel', 'part of a rune']"
ss/val\858d86b7-da05-45fb-a1ed-58d27801e0f1.png,"['blue backpack', 'empty', 'part of a rune', 'ghost backpack', 'silver rune emblem', 'empty', 'health potion', 'part of a rune', 'empty', 'silver rune emblem', 'health potion', 'shovel', 'fish', 'part of a rune', 'gold coin', 'small diamond', 'mana potion', 'fish', 'shovel', 'mana potion']"
ss/val\8652d2f2-79aa-434a-877a-88282091b5e0.png,"['steel shield', 'paralyse rune', 'spell rune', 'small diamond', 'spell rune', 'part of a rune', 'spell rune', 'fish', 'mana potion', 'energy field rune', 'empty', 'steel shield', 'part of a rune', 'paralyse rune', 'beach backpack', 'fish', 'small diamond', 'empty', 'jagged sword', 'blue backpack']"
ss/val\872090f4-9916-4350-886b-032554f2bfb5.png,"['empty', 'beach backpack', 'ogre rune stones', 'part of a rune', 'blue backpack', 'ghost backpack', 'mana potion', 'part of a rune', 'part of a rune', 'rope', 'fish', 'mana potion', 'fish', 'small diamond', 'empty', 'paralyse rune', 'mana potion', 'rope', 'health potion', 'ghost backpack']"
ss/val\893e6593-6364-433b-a2c0-5fb8ca47015f.png,"['ghost backpack', 'fish', 'mana potion', 'fish', 'part of a rune', 'part of a rune', 'empty', 'mana potion', 'spell rune', 'morning star', 'shovel', 'jagged sword', 'part of a rune', 'part of a rune', 'empty', 'mana potion', 'energy field rune', 'part of a rune', 'mana potion', 'empty']"
ss/val\89ee2b4a-51fc-4bd0-ac7c-de533f97d640.png,"['beach backpack', 'machete', 'fish', 'part of a rune', 'grey backpack', 'fish', 'shovel', 'jagged sword', 'part of a rune', 'small ruby', 'part of a rune', 'machete', 'fish', 'empty', 'silver rune emblem', 'energy field rune', 'empty potion flask', 'rope', 'part of a rune', 'empty']"
ss/val\8bb6b947-b3aa-46c4-a6f5-d48e98a2a53c.png,"['jagged sword', 'spell rune', 'empty', 'white mushroom', 'small diamond', 'mana potion', 'empty', 'spell rune', 'silver rune emblem', 'shovel', 'part of a rune', 'fish', 'empty', 'small diamond', 'ghost backpack', 'ghost backpack', 'mana potion', 'part of a rune', 'jagged sword', 'part of a rune']"
ss/val\8e148d5b-8a74-4ca1-9f4b-0f18b4237865.png,"['mana potion', 'mana potion', 'part of a rune', 'empty potion flask', 'small diamond', 'empty', 'blue backpack', 'paralyse rune', 'paralyse rune', 'part of a rune', 'runed sword', 'jagged sword', 'beach backpack', 'ghost backpack', 'energy field rune', 'paralyse rune', 'energy field rune', 'beach backpack', 'shovel', 'energy field rune']"
ss/val\8e85ec7b-c2c0-48b2-bd44-5e2d5f950922.png,"['meat', 'silver rune emblem', 'mana potion', 'part of a rune', 'mana potion', 'part of a rune', 'mana potion', 'jagged sword', 'jagged sword', 'small diamond', 'jagged sword', 'meat', 'part of a rune', 'fish', 'empty', 'silver rune emblem', 'part of a rune', 'mana potion', 'energy field rune', 'spell rune']"
ss/val\8edbf336-6a41-4ce3-83e2-3f8c20a13b35.png,"['empty', 'energy field rune', 'energy bomb rune', 'part of a rune', 'morning star', 'paralyse rune', 'small diamond', 'small diamond', 'empty', 'empty', 'empty potion flask', 'steel shield', 'part of a rune', 'silver rune emblem', 'empty', 'fish', 'ghost backpack', 'energy field rune', 'small ruby', 'part of a rune']"
ss/val\8ee8839d-120a-4290-98bc-889e74e9f231.png,"['empty', 'ghost backpack', 'spell rune', 'fish', 'energy field rune', 'part of a rune', 'small diamond', 'jagged sword', 'fish', 'empty', 'empty', 'empty', 'paralyse rune', 'shovel', 'rope', 'rope', 'shovel', 'part of a rune', 'empty', 'small diamond']"
ss/val\8fe84fb9-b61c-4db4-a4b3-c3ec9f95bb3a.png,"['small diamond', 'blue backpack', 'energy bomb rune', 'runed sword', 'jagged sword', 'jagged sword', 'empty potion flask', 'part of a rune', 'part of a rune', 'paralyse rune', 'fish', 'fish', 'part of a rune', 'part of a rune', 'mana potion', 'silver rune emblem', 'part of a rune', 'empty', 'machete', 'part of a rune']"
ss/val\93e2cb38-bb2e-43ba-b702-c718d7afd1e1.png,"['shovel', 'fish', 'part of a rune', 'ghost backpack', 'empty', 'empty', 'part of a rune', 'spell rune', 'fish', 'small diamond', 'spell rune', 'silver rune emblem', 'part of a rune', 'small diamond', 'part of a rune', 'empty', 'mana potion', 'energy field rune', 'fish', 'fish']"
ss/val\947cc577-dd8a-4773-853b-eab88bbc1ca6.png,"['part of a rune', 'brass helmet', 'fish', 'part of a rune', 'part of a rune', 'silver rune emblem', 'fish', 'small diamond', 'empty', 'part of a rune', 'small diamond', 'ghost backpack', 'small diamond', 'part of a rune', 'blue backpack', 'part of a rune', 'pillow backpack', 'fish', 'part of a rune', 'empty']"
ss/val\981ce5d8-03dc-4041-b06d-831a7dfeaa00.png,"['fish', 'fish', 'spell rune', 'empty', 'machete', 'blue backpack', 'blue backpack', 'shovel', 'mana potion', 'small diamond', 'energy field rune', 'small ruby', 'energy wall rune', 'mana potion', 'empty', 'ghost backpack', 'jagged sword', 'health potion', 'fish', 'part of a rune']"
ss/val\98dae734-2595-437b-873d-322ffe5ad479.png,"['part of a rune', 'fish', 'fish', 'energy field rune', 'beach backpack', 'fish', 'jagged sword', 'energy field rune', 'white mushroom', 'machete', 'energy field rune', 'small ruby', 'empty potion flask', 'pillow backpack', 'intense healing rune', 'ghost backpack', 'empty', 'part of a rune', 'fish', 'fish']"
ss/val\99975a1f-2c77-4291-b248-a9e8681ae775.png,"['part of a rune', 'spell rune', 'mana potion', 'health potion', 'shovel', 'part of a rune', 'steel shield', 'empty', 'part of a rune', 'machete', 'part of a rune', 'mana potion', 'part of a rune', 'mana potion', 'blue backpack', 'energy field rune', 'part of a rune', 'health potion', 'paralyse rune', 'fish']"
ss/val\9b69a001-7b5f-4ba8-bfcf-39c3356de462.png,"['empty potion flask', 'war backpack', 'paralyse rune', 'mana potion', 'part of a rune', 'small ruby', 'mana potion', 'paralyse rune', 'jagged sword', 'beach backpack', 'spell rune', 'shovel', 'empty', 'shovel', 'part of a rune', 'cure poison rune', 'energy field rune', 'energy wall rune', 'paralyse rune', 'small diamond']"
ss/val\9cec99a6-ba1c-4aee-9cbf-d5b8524551dd.png,"['part of a rune', 'small diamond', 'spell rune', 'part of a rune', 'part of a rune', 'morning star', 'part of a rune', 'small diamond', 'fish', 'part of a rune', 'runed sword', 'fish', 'jagged sword', 'energy field rune', 'fish', 'part of a rune', 'gold coin', 'jagged sword', 'empty', 'energy field rune']"
ss/val\9d76538f-9c6d-4b83-82c4-f4d3c093a3c5.png,"['energy field rune', 'rope', 'empty', 'white mushroom', 'part of a rune', 'rope', 'part of a rune', 'paralyse rune', 'ghost backpack', 'spell rune', 'white mushroom', 'empty', 'energy field rune', 'part of a rune', 'small diamond', 'fish', 'fish', 'health potion', 'paralyse rune', 'fish']"
ss/val\9d880639-adb8-4b22-9d74-2cdbca0d07dd.png,"['ghost backpack', 'empty', 'shovel', 'ghost backpack', 'empty', 'part of a rune', 'empty', 'machete', 'shovel', 'blue backpack', 'ghost backpack', 'paralyse rune', 'shovel', 'energy field rune', 'mana potion', 'shovel', 'part of a rune', 'meat', 'empty potion flask', 'spell rune']"
ss/val\9e1948b5-9b1b-481b-87e1-85aa7beac641.png,"['part of a rune', 'small ruby', 'part of a rune', 'empty', 'fish', 'part of a rune', 'part of a rune', 'fish', 'steel shield', 'small diamond', 'fish', 'shovel', 'part of a rune', 'paralyse rune', 'jagged sword', 'energy field rune', 'small diamond', 'part of a rune', 'empty potion flask', 'jagged sword']"
ss/val\9e369b11-859b-49b6-8900-ea9c0067d1cc.png,"['jagged sword', 'empty', 'energy field rune', 'health potion', 'part of a rune', 'paralyse rune', 'part of a rune', 'part of a rune', 'rope', 'part of a rune', 'part of a rune', 'runed sword', 'fish', 'rope', 'fish', 'part of a rune', 'rope', 'empty', 'part of a rune', 'fish']"
ss/val\a08997ee-b056-483a-aea2-9ac73998f1ab.png,"['fish', 'spell rune', 'jagged sword', 'empty', 'empty potion flask', 'part of a rune', 'beach backpack', 'ghost backpack', 'empty', 'mana potion', 'empty potion flask', 'fish', 'small ruby', 'health potion', 'rope', 'empty', 'mana potion', 'part of a rune', 'morning star', 'mana potion']"
ss/val\a1989a0a-b16e-4547-8ef4-1dd11099118b.png,"['small diamond', 'part of a rune', 'part of a rune', 'health potion', 'small diamond', 'shovel', 'empty', 'energy field rune', 'energy field rune', 'part of a rune', 'fish', 'part of a rune', 'ghost backpack', 'health potion', 'ghost backpack', 'machete', 'part of a rune', 'ghost backpack', 'part of a rune', 'spell rune']"
ss/val\a2a01614-4143-4a46-a78f-9379db6340a7.png,"['blue backpack', 'fish', 'part of a rune', 'part of a rune', 'part of a rune', 'small diamond', 'empty', 'small ruby', 'part of a rune', 'part of a rune', 'jagged sword', 'energy field rune', 'ghost backpack', 'paralyse rune', 'part of a rune', 'shovel', 'rope', 'meat', 'empty', 'fish']"
ss/val\a2a02619-2e43-4244-91dc-02278bacd996.png,"['blue backpack', 'energy field rune', 'fish', 'energy bomb rune', 'part of a rune', 'mana potion', 'silver rune emblem', 'fish', 'blue backpack', 'fish', 'pillow backpack', 'beach backpack', 'meat', 'mana potion', 'energy field rune', 'paralyse rune', 'part of a rune', 'fish', 'empty', 'part of a rune']"
ss/val\a40c660f-35ab-4b99-8924-60c70eeff1ab.png,"['ghost backpack', 'rope', 'empty potion flask', 'mana potion', 'fish', 'small diamond', 'empty', 'energy field rune', 'war backpack', 'mana potion', 'mana potion', 'empty potion flask', 'empty', 'shovel', 'small diamond', 'fish', 'jagged sword', 'spell rune', 'spell rune', 'small diamond']"
ss/val\a6305b1b-c705-4111-94b2-f9b5da1c68a9.png,"['mana potion', 'beach backpack', 'energy field rune', 'part of a rune', 'machete', 'energy field rune', 'jagged sword', 'part of a rune', 'part of a rune', 'silver rune emblem', 'energy field rune', 'rope', 'ghost backpack', 'fish', 'part of a rune', 'beach backpack', 'paralyse rune', 'fish', 'part of a rune', 'small diamond']"
ss/val\a91d9f30-f4a5-444a-995c-bbbcc5531343.png,"['intense healing rune', 'part of a rune', 'rope', 'empty', 'small diamond', 'small diamond', 'paralyse rune', 'paralyse rune', 'paralyse rune', 'empty', 'part of a rune', 'mana potion', 'small diamond', 'energy field rune', 'ogre rune stones', 'mana potion', 'rope', 'empty', 'fish', 'part of a rune']"
ss/val\a9e78eaf-2d36-4d7d-afe8-f1e3000a7b1e.png,"['small diamond', 'mana potion', 'part of a rune', 'mana potion', 'part of a rune', 'steel shield', 'part of a rune', 'part of a rune', 'runed sword', 'small diamond', 'energy field rune', 'part of a rune', 'runed sword', 'energy field rune', 'part of a rune', 'energy field rune', 'ghost backpack', 'jagged sword', 'spell rune', 'empty']"
ss/val\aa615b59-1d89-415d-b0bd-189fecff7c1a.png,"['fish', 'small diamond', 'jagged sword', 'part of a rune', 'fish', 'spell rune', 'ghost backpack', 'part of a rune', 'pillow backpack', 'blue backpack', 'spell rune', 'pillow backpack', 'energy field rune', 'paralyse rune', 'part of a rune', 'fish', 'rope', 'blue backpack', 'empty', 'fish']"
ss/val\ab583846-19d6-4c97-86cf-12c335934009.png,"['paralyse rune', 'part of a rune', 'mana potion', 'energy field rune', 'part of a rune', 'shovel', 'shovel', 'meat', 'part of a rune', 'rope', 'empty', 'part of a rune', 'mana potion', 'part of a rune', 'health potion', 'part of a rune', 'paralyse rune', 'mana potion', 'part of a rune', 'blue backpack']"
ss/val\ae5ed269-b449-40b4-b18b-33b5747bd180.png,"['wolf backpack', 'empty', 'machete', 'part of a rune', 'mana potion', 'jagged sword', 'mana potion', 'morning star', 'steel shield', 'empty', 'empty', 'spell rune', 'part of a rune', 'mana potion', 'part of a rune', 'jagged sword', 'empty', 'small diamond', 'part of a rune', 'shovel']"
ss/val\af461876-697a-45da-b091-3d6df6c9a29c.png,"['part of a rune', 'tiny healing rune', 'morning star', 'ghost backpack', 'runed sword', 'mana potion', 'ghost backpack', 'rope', 'silver rune emblem', 'part of a rune', 'small diamond', 'paralyse rune', 'part of a rune', 'empty potion flask', 'fish', 'rope', 'blue backpack', 'small diamond', 'paralyse rune', 'blue backpack']"
ss/val\afa1b2f4-ea50-4325-b669-6fe3ecf2a5cb.png,"['energy field rune', 'mana potion', 'paralyse rune', 'small diamond', 'energy bomb rune', 'jagged sword', 'part of a rune', 'blue backpack', 'part of a rune', 'small ruby', 'energy field rune', 'small diamond', 'part of a rune', 'empty', 'empty potion flask', 'fish', 'part of a rune', 'cure poison rune', 'part of a rune', 'shovel']"
ss/val\b36d1b96-acdc-4a25-9799-d9dc4f922c29.png,"['machete', 'spell rune', 'rope', 'morning star', 'energy wall rune', 'part of a rune', 'empty potion flask', 'blue backpack', 'runed sword', 'small diamond', 'mana potion', 'rope', 'small diamond', 'jagged sword', 'mana potion', 'empty', 'paralyse rune', 'fish', 'ghost backpack', 'steel shield']"
ss/val\b43636b7-1c39-4536-aab6-e30a84bfe9e3.png,"['ghost backpack', 'part of a rune', 'spell rune', 'mana potion', 'ghost backpack', 'fish', 'fish', 'rope', 'pillow backpack', 'blue backpack', 'hireling sex change rune', 'small ruby', 'part of a rune', 'fish', 'shovel', 'jagged sword', 'part of a rune', 'part of a rune', 'mana potion', 'jewelled backpack']"
ss/val\b862fe7b-1615-469d-97f1-cad9d07c222c.png,"['small diamond', 'white mushroom', 'part of a rune', 'empty', 'intense healing rune', 'part of a rune', 'small diamond', 'part of a rune', 'mana potion', 'energy field rune', 'part of a rune', 'mana potion', 'shovel', 'part of a rune', 'rope', 'ghost backpack', 'part of a rune', 'small diamond', 'shovel', 'mana potion']"
ss/val\b928d851-088b-4d2b-b0cd-4594baa64e67.png,"['jagged sword', 'blue backpack', 'paralyse rune', 'mana potion', 'blue backpack', 'small diamond', 'blue backpack', 'part of a rune', 'mana potion', 'part of a rune', 'mana potion', 'energy field rune', 'part of a rune', 'mana potion', 'empty', 'fish', 'part of a rune', 'silver rune emblem', 'part of a rune', 'spell rune']"
ss/val\bc5d722f-1e7f-4aaf-bff6-be0d024cd2ec.png,"['part of a rune', 'empty', 'empty potion flask', 'mana potion', 'part of a rune', 'ghost backpack', 'part of a rune', 'shovel', 'small diamond', 'part of a rune', 'small ruby', 'machete', 'steel shield', 'empty potion flask', 'fish', 'ghost backpack', 'fish', 'runed sword', 'energy field rune', 'spell rune']"
ss/val\be80e07a-4166-4c42-97c8-1ee125e49d90.png,"['runed sword', 'empty potion flask', 'part of a rune', 'small ruby', 'jagged sword', 'fish', 'runed sword', 'blue backpack', 'mana potion', 'gold coin', 'health potion', 'energy field rune', 'fish', 'paralyse rune', 'shovel', 'part of a rune', 'empty', 'empty', 'part of a rune', 'pillow backpack']"
ss/val\bec78746-cbc8-4a3a-9645-ac0e56c8ca62.png,"['war backpack', 'piece of swampling wood', 'part of a rune', 'blue backpack', 'empty', 'small diamond', 'mana potion', 'blue backpack', 'machete', 'part of a rune', 'health potion', 'paralyse rune', 'paralyse rune', 'silver rune emblem', 'jagged sword', 'empty potion flask', 'machete', 'paralyse rune', 'part of a rune', 'part of a rune']"
ss/val\becc72c6-05cc-4434-8313-54b765e89608.png,"['fish', 'part of a rune', 'part of a rune', 'part of a rune', 'paralyse rune', 'spell rune', 'health potion', 'mana potion', 'mana potion', 'part of a rune', 'pillow backpack', 'part of a rune', 'energy field rune', 'steel shield', 'gold coin', 'part of a rune', 'part of a rune', 'rope', 'spell rune', 'part of a rune']"
ss/val\bfc44978-12e2-4bc1-a174-a1eda39894e8.png,"['part of a rune', 'paralyse rune', 'ghost backpack', 'small diamond', 'ghost backpack', 'paralyse rune', 'mana potion', 'meat', 'ghost backpack', 'piece of swampling wood', 'small diamond', 'ultimate healing rune', 'ghost backpack', 'ogre rune stones', 'small ruby', 'rope', 'shovel', 'shovel', 'explosion rune', 'ghost backpack']"
ss/val\bfe78cad-664f-48d1-9104-1de029808625.png,"['fish', 'spell rune', 'war backpack', 'mana potion', 'fish', 'morning star', 'empty', 'empty potion flask', 'part of a rune', 'empty', 'war backpack', 'fish', 'blue backpack', 'rope', 'fish', 'part of a rune', 'empty', 'part of a rune', 'empty', 'runed sword']"
ss/val\c03f2a78-10a8-4969-b12e-3fce4f083a9b.png,"['meat', 'rope', 'mana potion', 'ghost backpack', 'jagged sword', 'paralyse rune', 'blue backpack', 'silver rune emblem', 'gold coin', 'mana potion', 'fish', 'part of a rune', 'fish', 'silver rune emblem', 'part of a rune', 'spell rune', 'part of a rune', 'blue backpack', 'part of a rune', 'fish']"
ss/val\c16f471d-8daf-479e-b2e2-ac830c4fb67d.png,"['white mushroom', 'energy bomb rune', 'mana potion', 'runed sword', 'health potion', 'energy bomb rune', 'empty', 'mana potion', 'jagged sword', 'empty', 'meat', 'part of a rune', 'meat', 'silver rune emblem', 'paralyse rune', 'shovel', 'jagged sword', 'shovel', 'shovel', 'energy field rune']"
ss/val\c2a92168-6901-45c1-8727-f6855b2e0948.png,"['part of a rune', 'spell rune', 'small diamond', 'pillow backpack', 'rope', 'empty', 'shovel', 'part of a rune', 'blue backpack', 'part of a rune', 'ghost backpack', 'empty potion flask', 'morning star', 'small diamond', 'shovel', 'small diamond', 'steel shield', 'machete', 'small diamond', 'health potion']"
ss/val\c37f2588-7e24-4e3f-9c51-1a5d965f4e90.png,"['spell rune', 'part of a rune', 'shovel', 'meat', 'spell rune', 'empty', 'fish', 'shovel', 'empty', 'ghost backpack', 'part of a rune', 'white mushroom', 'part of a rune', 'beach backpack', 'energy field rune', 'ghost backpack', 'mana potion', 'energy wall rune', 'energy field rune', 'health potion']"
ss/val\c7850eb4-5728-4cfd-8738-dc1271ee574f.png,"['part of a rune', 'fish', 'beach backpack', 'small diamond', 'mana potion', 'rope', 'machete', 'part of a rune', 'jagged sword', 'energy field rune', 'silver rune emblem', 'machete', 'ghost backpack', 'fish', 'part of a rune', 'morning star', 'spell rune', 'jagged sword', 'energy field rune', 'part of a rune']"
ss/val\c8222737-dce1-478c-9725-26b7311993a7.png,"['empty', 'runed sword', 'blue backpack', 'health potion', 'ghost backpack', 'fish', 'part of a rune', 'mana potion', 'empty', 'ghost backpack', 'part of a rune', 'machete', 'mana potion', 'spell rune', 'morning star', 'mana potion', 'fish', 'part of a rune', 'mana potion', 'health potion']"
ss/val\c9aecddf-4cc8-4ed5-afe8-4bb61a183dbb.png,"['paralyse rune', 'energy field rune', 'mana potion', 'ghost backpack', 'part of a rune', 'shovel', 'empty', 'paralyse rune', 'fish', 'meat', 'energy field rune', 'small diamond', 'part of a rune', 'fish', 'silver rune emblem', 'shovel', 'machete', 'jagged sword', 'fish', 'blue backpack']"
ss/val\cc6dc922-7b4e-40a7-a6d5-600ade864ba9.png,"['empty', 'mana potion', 'fish', 'paralyse rune', 'part of a rune', 'part of a rune', 'blue backpack', 'energy field rune', 'part of a rune', 'mana potion', 'fish', 'intense healing rune', 'fish', 'rope', 'paralyse rune', 'part of a rune', 'small diamond', 'fish', 'part of a rune', 'small ruby']"
ss/val\cf399946-b5f4-4918-a4af-d91236151b74.png,"['shovel', 'empty potion flask', 'blue backpack', 'jagged sword', 'empty potion flask', 'empty potion flask', 'fish', 'part of a rune', 'empty', 'energy field rune', 'paralyse rune', 'empty', 'wolf backpack', 'spell rune', 'part of a rune', 'paralyse rune', 'spell rune', 'fish', 'part of a rune', 'paralyse rune']"
ss/val\d06d8aa0-4f4a-4e63-ad09-d80f4520df23.png,"['shovel', 'part of a rune', 'fish', 'part of a rune', 'beach backpack', 'blue backpack', 'empty', 'jagged sword', 'spell rune', 'mana potion', 'small diamond', 'empty', 'white mushroom', 'ghost backpack', 'mana potion', 'jagged sword', 'mana potion', 'mana potion', 'blue backpack', 'part of a rune']"
ss/val\d27805d3-a310-46e4-bf7e-f8d4ea98b88c.png,"['paralyse rune', 'machete', 'fish', 'ghost backpack', 'part of a rune', 'explosion rune', 'part of a rune', 'empty', 'empty potion flask', 'blue backpack', 'mana potion', 'silver rune emblem', 'small diamond', 'piece of swampling wood', 'ghost backpack', 'part of a rune', 'part of a rune', 'spell rune', 'machete', 'paralyse rune']"
ss/val\d31f26aa-fe2f-42e2-9c21-1fe6780ea73a.png,"['runed sword', 'mana potion', 'energy wall rune', 'runed sword', 'health potion', 'mana potion', 'empty', 'part of a rune', 'meat', 'fish', 'shovel', 'blue backpack', 'empty', 'small diamond', 'mana potion', 'empty', 'part of a rune', 'energy field rune', 'energy field rune', 'part of a rune']"
ss/val\d8c4a26c-491d-423b-bb93-d80bafa0df72.png,"['fish', 'machete', 'spell rune', 'small ruby', 'mana potion', 'part of a rune', 'mana potion', 'health potion', 'part of a rune', 'silver rune emblem', 'part of a rune', 'meat', 'mana potion', 'spell rune', 'fish', 'fish', 'small diamond', 'fish', 'silver rune emblem', 'jagged sword']"
ss/val\d98f887d-5fa0-4fae-8963-06fe91cf6877.png,"['empty', 'rope', 'part of a rune', 'empty', 'part of a rune', 'empty potion flask', 'spell rune', 'mana potion', 'mana potion', 'wild growth rune', 'mana potion', 'ghost backpack', 'ghost backpack', 'paralyse rune', 'part of a rune', 'fish', 'silver rune emblem', 'energy field rune', 'energy field rune', 'shovel']"
ss/val\d9cf258e-9a79-4cf5-8c99-e62c76b5ef78.png,"['fish', 'blue backpack', 'part of a rune', 'fish', 'paralyse rune', 'fish', 'small ruby', 'fish', 'part of a rune', 'rope', 'steel shield', 'meat', 'part of a rune', 'part of a rune', 'silver rune emblem', 'shovel', 'part of a rune', 'part of a rune', 'fish', 'explosion rune']"
ss/val\d9e3af4a-ce7d-41ca-adc6-44416e741ed5.png,"['health potion', 'empty', 'spell rune', 'small ruby', 'fish', 'energy field rune', 'part of a rune', 'shovel', 'fish', 'shovel', 'part of a rune', 'mana potion', 'small diamond', 'part of a rune', 'paralyse rune', 'shovel', 'energy field rune', 'part of a rune', 'silver rune emblem', 'fire bomb rune']"
ss/val\da845ea8-4ad4-4b93-9bc0-a89497251334.png,"['part of a rune', 'part of a rune', 'energy field rune', 'energy wall rune', 'silver rune emblem', 'empty', 'empty', 'empty', 'empty', 'rope', 'fish', 'mana potion', 'spell rune', 'part of a rune', 'machete', 'part of a rune', 'shovel', 'fish', 'part of a rune', 'empty potion flask']"
ss/val\dc2bea10-5962-45c9-9426-3428b7f0a6fa.png,"['fish', 'fish', 'mana potion', 'blue backpack', 'part of a rune', 'health potion', 'spell rune', 'silver rune emblem', 'rope', 'empty', 'paralyse rune', 'energy field rune', 'small diamond', 'jagged sword', 'empty potion flask', 'shovel', 'empty', 'jagged sword', 'small ruby', 'part of a rune']"
ss/val\dcd05fec-be0e-49a0-923e-3d32f8a8e060.png,"['energy field rune', 'steel shield', 'part of a rune', 'shovel', 'meat', 'runed sword', 'pillow backpack', 'mana potion', 'energy field rune', 'mana potion', 'part of a rune', 'fish', 'fish', 'part of a rune', 'inert astral shaper rune', 'rope', 'health potion', 'empty', 'paralyse rune', 'jagged sword']"
ss/val\dddc5d8e-fb5f-4d8d-9c14-132794332dbb.png,"['rope', 'part of a rune', 'paralyse rune', 'silver rune emblem', 'jagged sword', 'part of a rune', 'empty', 'part of a rune', 'empty', 'energy field rune', 'blue backpack', 'mana potion', 'cure poison rune', 'mana potion', 'empty', 'part of a rune', 'silver rune emblem', 'ghost backpack', 'small diamond', 'part of a rune']"
ss/val\ddde7ec7-e047-4eb8-a25e-f3614c4308c8.png,"['small diamond', 'rope', 'blue backpack', 'part of a rune', 'part of a rune', 'runed sword', 'empty', 'part of a rune', 'fish', 'mana potion', 'part of a rune', 'beach backpack', 'part of a rune', 'steel shield', 'shovel', 'empty', 'energy field rune', 'energy field rune', 'rope', 'empty potion flask']"
ss/val\ded62789-ef27-4544-aa46-24d636063c8b.png,"['ghost backpack', 'mana potion', 'silver rune emblem', 'silver rune emblem', 'mana potion', 'empty', 'part of a rune', 'part of a rune', 'shovel', 'energy bomb rune', 'blue backpack', 'empty potion flask', 'silver rune emblem', 'shovel', 'spell rune', 'energy field rune', 'rope', 'part of a rune', 'beach backpack', 'ghost backpack']"
ss/val\deffe89c-d7e2-48d0-bfe1-24c77f59b10a.png,"['ghost backpack', 'small ruby', 'mana potion', 'blue backpack', 'energy field rune', 'fish', 'part of a rune', 'part of a rune', 'empty', 'energy field rune', 'mana potion', 'empty potion flask', 'energy field rune', 'jagged sword', 'shovel', 'runed sword', 'paralyse rune', 'paralyse rune', 'morning star', 'mana potion']"
ss/val\dfc0d25f-ae55-4c37-8e47-50f973c3fa9a.png,"['part of a rune', 'empty', 'fish', 'spell rune', 'small diamond', 'fish', 'part of a rune', 'empty', 'machete', 'health potion', 'ghost backpack', 'jagged sword', 'ghost backpack', 'ghost backpack', 'fish', 'energy field rune', 'blue backpack', 'part of a rune', 'rope', 'steel shield']"
ss/val\e022cc19-2f24-47af-839d-8ce18b9ba224.png,"['small diamond', 'fish', 'energy field rune', 'shovel', 'beach backpack', 'part of a rune', 'empty', 'energy field rune', 'part of a rune', 'energy field rune', 'jagged sword', 'health potion', 'shovel', 'part of a rune', 'small diamond', 'meat', 'paralyse rune', 'part of a rune', 'part of a rune', 'fish']"
ss/val\e0b0ccdb-5577-4549-bae7-09c63101df04.png,"['part of a rune', 'morning star', 'rope', 'mana potion', 'empty', 'energy field rune', 'silver rune emblem', 'mana potion', 'part of a rune', 'mana potion', 'energy field rune', 'part of a rune', 'energy bomb rune', 'morning star', 'part of a rune', 'runed sword', 'white mushroom', 'brass helmet', 'ghost backpack', 'paralyse rune']"
ss/val\e2b59ad6-d732-4529-a0ac-3f20cc2e0f1f.png,"['empty', 'part of a rune', 'energy wall rune', 'paralyse rune', 'ghost backpack', 'part of a rune', 'rope', 'energy bomb rune', 'steel shield', 'shovel', 'paralyse rune', 'mana potion', 'meat', 'rope', 'small diamond', 'intense healing rune', 'part of a rune', 'empty', 'mana potion', 'blue backpack']"
ss/val\e3a3f822-eede-4153-a46c-6047e234fb6f.png,"['mana potion', 'health potion', 'shovel', 'jagged sword', 'fish', 'mana potion', 'rope', 'energy bomb rune', 'morning star', 'health potion', 'part of a rune', 'paralyse rune', 'blue backpack', 'empty potion flask', 'mana potion', 'meat', 'meat', 'empty', 'empty', 'empty']"
ss/val\e5790f34-6b33-43ab-986a-378b107c1d8e.png,"['empty', 'energy field rune', 'morning star', 'white mushroom', 'mana potion', 'small diamond', 'spell rune', 'energy bomb rune', 'morning star', 'part of a rune', 'jagged sword', 'part of a rune', 'empty potion flask', 'spell rune', 'part of a rune', 'part of a rune', 'beach backpack', 'meat', 'fish', 'paralyse rune']"
ss/val\e69c6947-d4d0-4184-b2f6-4497629c835d.png,"['spell rune', 'blue backpack', 'part of a rune', 'empty potion flask', 'spell rune', 'jagged sword', 'silver rune emblem', 'blue backpack', 'part of a rune', 'ghost backpack', 'spell rune', 'energy field rune', 'fish', 'empty', 'spell rune', 'hireling sex change rune', 'small diamond', 'jagged sword', 'paralyse rune', 'runed sword']"
ss/val\e7d98c11-c6f0-43d6-90f3-0d53b81c9e12.png,"['part of a rune', 'part of a rune', 'fish', 'shovel', 'paralyse rune', 'fish', 'energy field rune', 'spell rune', 'steel shield', 'small diamond', 'part of a rune', 'part of a rune', 'part of a rune', 'health potion', 'meat', 'jagged sword', 'part of a rune', 'empty potion flask', 'blue backpack', 'empty']"
ss/val\e826f520-8218-4e4c-ac16-c4d20d009f50.png,"['small diamond', 'empty', 'blue backpack', 'paralyse rune', 'small diamond', 'part of a rune', 'empty', 'silver rune emblem', 'paralyse rune', 'paralyse rune', 'shovel', 'cure poison rune', 'part of a rune', 'ghost backpack', 'energy field rune', 'paralyse rune', 'part of a rune', 'mana potion', 'empty', 'energy field rune']"
ss/val\e9cdfd3e-ae43-4f6f-a15f-2ddae584c198.png,"['blue backpack', 'mana potion', 'intense healing rune', 'fish', 'small ruby', 'part of a rune', 'pillow backpack', 'part of a rune', 'mana potion', 'ancient rune', 'part of a rune', 'blue backpack', 'silver rune emblem', 'blue backpack', 'mana potion', 'fish', 'steel shield', 'jagged sword', 'empty', 'morning star']"
ss/val\eab77fcf-c9b7-493d-9363-3151f7f82d79.png,"['ghost backpack', 'small diamond', 'part of a rune', 'small diamond', 'paralyse rune', 'spell rune', 'part of a rune', 'beach backpack', 'energy field rune', 'part of a rune', 'empty', 'morning star', 'spell rune', 'fish', 'small diamond', 'white mushroom', 'small diamond', 'beach backpack', 'energy field rune', 'mana potion']"
ss/val\ee139a2c-61c2-4133-a6ab-a61d786fcf13.png,"['shovel', 'white mushroom', 'ghost backpack', 'part of a rune', 'spell rune', 'empty', 'shovel', 'empty', 'silver rune emblem', 'small diamond', 'morning star', 'part of a rune', 'spell rune', 'mana potion', 'jagged sword', 'empty', 'empty', 'empty', 'empty', 'part of a rune']"
ss/val\f13dec9a-8099-4a88-ab34-f876ca810766.png,"['steel shield', 'empty', 'mana potion', 'jagged sword', 'rope', 'empty', 'ghost backpack', 'energy field rune', 'fish', 'rope', 'mana potion', 'pillow backpack', 'mana potion', 'shovel', 'empty', 'mana potion', 'part of a rune', 'part of a rune', 'jagged sword', 'mana potion']"
ss/val\f4385523-f011-4e59-a636-3eb2f42e2675.png,"['mana potion', 'small diamond', 'small diamond', 'steel shield', 'part of a rune', 'shovel', 'small ruby', 'runed sword', 'steel shield', 'ogre rune stones', 'empty', 'part of a rune', 'part of a rune', 'fish', 'energy field rune', 'energy field rune', 'part of a rune', 'small diamond', 'machete', 'mana potion']"
ss/val\f564c6fb-9ebd-45f0-bac9-63c8e8f35f09.png,"['mana potion', 'meat', 'health potion', 'silver rune emblem', 'jagged sword', 'part of a rune', 'part of a rune', 'mana potion', 'morning star', 'part of a rune', 'part of a rune', 'shovel', 'astral shaper rune', 'fish', 'energy wall rune', 'small ruby', 'blue backpack', 'part of a rune', 'white mushroom', 'mana potion']"
ss/val\f57687b1-638d-4a24-9f72-b0e77a3f2826.png,"['fish', 'paralyse rune', 'shovel', 'silver rune emblem', 'fish', 'fish', 'blue backpack', 'paralyse rune', 'ghost backpack', 'shovel', 'part of a rune', 'part of a rune', 'empty', 'health potion', 'mana potion', 'part of a rune', 'health potion', 'part of a rune', 'small diamond', 'health potion']"
ss/val\f74dfa98-305f-49d6-b4b1-22f85fcbc898.png,"['part of a rune', 'jagged sword', 'part of a rune', 'jagged sword', 'part of a rune', 'part of a rune', 'part of a rune', 'part of a rune', 'small diamond', 'beach backpack', 'meat', 'rope', 'hireling sex change rune', 'fish', 'energy field rune', 'energy field rune', 'part of a rune', 'jewelled backpack', 'part of a rune', 'fish']"
ss/val\f777bbe7-d489-436f-b5bf-db64d335da70.png,"['health potion', 'small diamond', 'small diamond', 'fish', 'fish', 'mana potion', 'rope', 'paralyse rune', 'fish', 'empty', 'small ruby', 'part of a rune', 'small diamond', 'part of a rune', 'fish', 'part of a rune', 'paralyse rune', 'meat', 'paralyse rune', 'paralyse rune']"
ss/val\fa36f917-3fb0-4564-9eb2-14a658a862dd.png,"['small diamond', 'jagged sword', 'silver rune emblem', 'ghost backpack', 'steel shield', 'war backpack', 'runed sword', 'energy field rune', 'hireling sex change rune', 'ghost backpack', 'energy field rune', 'mana potion', 'energy field rune', 'empty', 'part of a rune', 'blue backpack', 'small diamond', 'paralyse rune', 'empty potion flask', 'part of a rune']"
ss/val\fb3cc760-8d6e-482f-934d-9fb9266f6a3b.png,"['pillow backpack', 'ghost backpack', 'shovel', 'part of a rune', 'ghost backpack', 'small diamond', 'energy field rune', 'shovel', 'energy field rune', 'empty', 'paralyse rune', 'part of a rune', 'part of a rune', 'fish', 'morning star', 'empty', 'cure poison rune', 'spell rune', 'mana potion', 'part of a rune']"
ss/val\fbc4a72e-26f1-4404-8ae5-e6af104fab9a.png,"['small diamond', 'mana potion', 'healing rune for druids', 'part of a rune', 'paralyse rune', 'energy field rune', 'rope', 'ghost backpack', 'fish', 'part of a rune', 'steel shield', 'shovel', 'small diamond', 'health potion', 'gold coin', 'fish', 'paralyse rune', 'paralyse rune', 'shovel', 'silver rune emblem']"
ss/val\fc093574-f930-45c1-8809-2be6315eea9e.png,"['part of a rune', 'paralyse rune', 'empty potion flask', 'energy wall rune', 'blue backpack', 'meat', 'fish', 'energy field rune', 'jagged sword', 'blue backpack', 'part of a rune', 'rope', 'part of a rune', 'ghost backpack', 'machete', 'shovel', 'empty', 'spell rune', 'ghost backpack', 'part of a rune']"
ss/val\fcfbc090-6fbb-45ea-8144-cab917769247.png,"['blue backpack', 'energy field rune', 'grey backpack', 'part of a rune', 'empty', 'paralyse rune', 'empty', 'ghost backpack', 'shovel', 'blue backpack', 'small diamond', 'small diamond', 'mana potion', 'rope', 'mana potion', 'paralyse rune', 'part of a rune', 'part of a rune', 'mana potion', 'blue backpack']"
ss/val\fda2ecfe-44d6-497c-ab8e-fb815615f394.png,"['fish', 'mana potion', 'silver rune emblem', 'part of a rune', 'mana potion', 'jagged sword', 'machete', 'silver rune emblem', 'shovel', 'part of a rune', 'rope', 'mana potion', 'jagged sword', 'steel shield', 'beach backpack', 'astral shaper rune', 'morning star', 'part of a rune', 'fish', 'empty']"
ss/val\fdde70d1-f3dc-4201-8ebc-123cf9df0618.png,"['shovel', 'health potion', 'small diamond', 'fish', 'blue backpack', 'fish', 'small diamond', 'mana potion', 'spell rune', 'health potion', 'energy field rune', 'mana potion', 'paralyse rune', 'meat', 'empty', 'small ruby', 'small diamond', 'paralyse rune', 'energy field rune', 'energy field rune']"
